"https://www.zillow.com/homes/for_sale/Houston-TX/fsba,fsbo,new,cmsn_lt/house,condo,apartment_duplex,townhouse_type/1-_baths/20000-_price/83-_mp/50-_size/1_pnd/pricea_sort/"
"https://www.zillow.com/homes/for_sale/Chicago-IL/fsba,fsbo,new,cmsn_lt/house,condo,apartment_duplex,townhouse_type/1-_baths/20000-_price/83-_mp/50-_size/1_pnd/pricea_sort/"
"https://www.zillow.com/homes/for_sale/Brooklyn-NY/fsba,fsbo,new,cmsn_lt/house,condo,apartment_duplex,townhouse_type/1-_baths/20000-_price/83-_mp/50-_size/1_pnd/pricea_sort/"
"https://www.zillow.com/homes/for_sale/Los-Angeles-CA/fsba,fsbo,new,cmsn_lt/house,condo,apartment_duplex,townhouse_type/1-_baths/20000-_price/83-_mp/50-_size/1_pnd/pricea_sort/"
"https://www.zillow.com/homes/for_sale/Miami-FL/fsba,fsbo,new,cmsn_lt/house,condo,apartment_duplex,townhouse_type/1-_baths/20000-_price/83-_mp/50-_size/1_pnd/pricea_sort/"
"https://www.zillow.com/homes/for_sale/San-Antonio-TX/fsba,fsbo,new,cmsn_lt/house,condo,apartment_duplex,townhouse_type/1-_baths/20000-_price/83-_mp/50-_size/1_pnd/pricea_sort/"
"https://www.zillow.com/homes/for_sale/New-York-NY/fsba,fsbo,new,cmsn_lt/house,condo,apartment_duplex,townhouse_type/1-_baths/20000-_price/83-_mp/50-_size/1_pnd/pricea_sort/"
"https://www.zillow.com/homes/for_sale/Philadelphia-PA/fsba,fsbo,new,cmsn_lt/house,condo,apartment_duplex,townhouse_type/1-_baths/20000-_price/83-_mp/50-_size/1_pnd/pricea_sort/"
"https://www.zillow.com/homes/for_sale/Las-Vegas-NV/fsba,fsbo,new,cmsn_lt/house,condo,apartment_duplex,townhouse_type/1-_baths/20000-_price/83-_mp/50-_size/1_pnd/pricea_sort/"
"https://www.zillow.com/homes/for_sale/Bronx-NY/fsba,fsbo,new,cmsn_lt/house,condo,apartment_duplex,townhouse_type/1-_baths/20000-_price/83-_mp/50-_size/1_pnd/pricea_sort/"
"https://www.zillow.com/homes/for_sale/Phoenix-AZ/fsba,fsbo,new,cmsn_lt/house,condo,apartment_duplex,townhouse_type/1-_baths/20000-_price/83-_mp/50-_size/1_pnd/pricea_sort/"
"https://www.zillow.com/homes/for_sale/Dallas-TX/fsba,fsbo,new,cmsn_lt/house,condo,apartment_duplex,townhouse_type/1-_baths/20000-_price/83-_mp/50-_size/1_pnd/pricea_sort/"
"https://www.zillow.com/homes/for_sale/San-Diego-CA/fsba,fsbo,new,cmsn_lt/house,condo,apartment_duplex,townhouse_type/1-_baths/20000-_price/83-_mp/50-_size/1_pnd/pricea_sort/"
"https://www.zillow.com/homes/for_sale/Minneapolis-MN/fsba,fsbo,new,cmsn_lt/house,condo,apartment_duplex,townhouse_type/1-_baths/20000-_price/83-_mp/50-_size/1_pnd/pricea_sort/"
"https://www.zillow.com/homes/for_sale/San-Jose-CA/fsba,fsbo,new,cmsn_lt/house,condo,apartment_duplex,townhouse_type/1-_baths/20000-_price/83-_mp/50-_size/1_pnd/pricea_sort/"
"https://www.zillow.com/homes/for_sale/Denver-CO/fsba,fsbo,new,cmsn_lt/house,condo,apartment_duplex,townhouse_type/1-_baths/20000-_price/83-_mp/50-_size/1_pnd/pricea_sort/"
"https://www.zillow.com/homes/for_sale/Austin-TX/fsba,fsbo,new,cmsn_lt/house,condo,apartment_duplex,townhouse_type/1-_baths/20000-_price/83-_mp/50-_size/1_pnd/pricea_sort/"
"https://www.zillow.com/homes/for_sale/Saint-Louis-MO/fsba,fsbo,new,cmsn_lt/house,condo,apartment_duplex,townhouse_type/1-_baths/20000-_price/83-_mp/50-_size/1_pnd/pricea_sort/"
"https://www.zillow.com/homes/for_sale/Indianapolis-IN/fsba,fsbo,new,cmsn_lt/house,condo,apartment_duplex,townhouse_type/1-_baths/20000-_price/83-_mp/50-_size/1_pnd/pricea_sort/"
"https://www.zillow.com/homes/for_sale/Atlanta-GA/fsba,fsbo,new,cmsn_lt/house,condo,apartment_duplex,townhouse_type/1-_baths/20000-_price/83-_mp/50-_size/1_pnd/pricea_sort/"
"https://www.zillow.com/homes/for_sale/Tucson-AZ/fsba,fsbo,new,cmsn_lt/house,condo,apartment_duplex,townhouse_type/1-_baths/20000-_price/83-_mp/50-_size/1_pnd/pricea_sort/"
"https://www.zillow.com/homes/for_sale/Orlando-FL/fsba,fsbo,new,cmsn_lt/house,condo,apartment_duplex,townhouse_type/1-_baths/20000-_price/83-_mp/50-_size/1_pnd/pricea_sort/"
"https://www.zillow.com/homes/for_sale/Portland-OR/fsba,fsbo,new,cmsn_lt/house,condo,apartment_duplex,townhouse_type/1-_baths/20000-_price/83-_mp/50-_size/1_pnd/pricea_sort/"
"https://www.zillow.com/homes/for_sale/Seattle-WA/fsba,fsbo,new,cmsn_lt/house,condo,apartment_duplex,townhouse_type/1-_baths/20000-_price/83-_mp/50-_size/1_pnd/pricea_sort/"
"https://www.zillow.com/homes/for_sale/Fort-Worth-TX/fsba,fsbo,new,cmsn_lt/house,condo,apartment_duplex,townhouse_type/1-_baths/20000-_price/83-_mp/50-_size/1_pnd/pricea_sort/"
"https://www.zillow.com/homes/for_sale/Jacksonville-FL/fsba,fsbo,new,cmsn_lt/house,condo,apartment_duplex,townhouse_type/1-_baths/20000-_price/83-_mp/50-_size/1_pnd/pricea_sort/"
"https://www.zillow.com/homes/for_sale/Milwaukee-WI/fsba,fsbo,new,cmsn_lt/house,condo,apartment_duplex,townhouse_type/1-_baths/20000-_price/83-_mp/50-_size/1_pnd/pricea_sort/"
"https://www.zillow.com/homes/for_sale/San-Francisco-CA/fsba,fsbo,new,cmsn_lt/house,condo,apartment_duplex,townhouse_type/1-_baths/20000-_price/83-_mp/50-_size/1_pnd/pricea_sort/"
"https://www.zillow.com/homes/for_sale/Cincinnati-OH/fsba,fsbo,new,cmsn_lt/house,condo,apartment_duplex,townhouse_type/1-_baths/20000-_price/83-_mp/50-_size/1_pnd/pricea_sort/"
"https://www.zillow.com/homes/for_sale/Charlotte-NC/fsba,fsbo,new,cmsn_lt/house,condo,apartment_duplex,townhouse_type/1-_baths/20000-_price/83-_mp/50-_size/1_pnd/pricea_sort/"
"https://www.zillow.com/homes/for_sale/Columbus-OH/fsba,fsbo,new,cmsn_lt/house,condo,apartment_duplex,townhouse_type/1-_baths/20000-_price/83-_mp/50-_size/1_pnd/pricea_sort/"
"https://www.zillow.com/homes/for_sale/Cleveland-OH/fsba,fsbo,new,cmsn_lt/house,condo,apartment_duplex,townhouse_type/1-_baths/20000-_price/83-_mp/50-_size/1_pnd/pricea_sort/"
"https://www.zillow.com/homes/for_sale/Fort-Lauderdale-FL/fsba,fsbo,new,cmsn_lt/house,condo,apartment_duplex,townhouse_type/1-_baths/20000-_price/83-_mp/50-_size/1_pnd/pricea_sort/"
"https://www.zillow.com/homes/for_sale/Sacramento-CA/fsba,fsbo,new,cmsn_lt/house,condo,apartment_duplex,townhouse_type/1-_baths/20000-_price/83-_mp/50-_size/1_pnd/pricea_sort/"
"https://www.zillow.com/homes/for_sale/Saint-Paul-MN/fsba,fsbo,new,cmsn_lt/house,condo,apartment_duplex,townhouse_type/1-_baths/20000-_price/83-_mp/50-_size/1_pnd/pricea_sort/"
"https://www.zillow.com/homes/for_sale/El-Paso-TX/fsba,fsbo,new,cmsn_lt/house,condo,apartment_duplex,townhouse_type/1-_baths/20000-_price/83-_mp/50-_size/1_pnd/pricea_sort/"
"https://www.zillow.com/homes/for_sale/Louisville-KY/fsba,fsbo,new,cmsn_lt/house,condo,apartment_duplex,townhouse_type/1-_baths/20000-_price/83-_mp/50-_size/1_pnd/pricea_sort/"
"https://www.zillow.com/homes/for_sale/Tampa-FL/fsba,fsbo,new,cmsn_lt/house,condo,apartment_duplex,townhouse_type/1-_baths/20000-_price/83-_mp/50-_size/1_pnd/pricea_sort/"
"https://www.zillow.com/homes/for_sale/Memphis-TN/fsba,fsbo,new,cmsn_lt/house,condo,apartment_duplex,townhouse_type/1-_baths/20000-_price/83-_mp/50-_size/1_pnd/pricea_sort/"
"https://www.zillow.com/homes/for_sale/Pittsburgh-PA/fsba,fsbo,new,cmsn_lt/house,condo,apartment_duplex,townhouse_type/1-_baths/20000-_price/83-_mp/50-_size/1_pnd/pricea_sort/"
"https://www.zillow.com/homes/for_sale/Detroit-MI/fsba,fsbo,new,cmsn_lt/house,condo,apartment_duplex,townhouse_type/1-_baths/20000-_price/83-_mp/50-_size/1_pnd/pricea_sort/"
"https://www.zillow.com/homes/for_sale/Albuquerque-NM/fsba,fsbo,new,cmsn_lt/house,condo,apartment_duplex,townhouse_type/1-_baths/20000-_price/83-_mp/50-_size/1_pnd/pricea_sort/"
"https://www.zillow.com/homes/for_sale/Oklahoma-City-OK/fsba,fsbo,new,cmsn_lt/house,condo,apartment_duplex,townhouse_type/1-_baths/20000-_price/83-_mp/50-_size/1_pnd/pricea_sort/"
"https://www.zillow.com/homes/for_sale/Baltimore-MD/fsba,fsbo,new,cmsn_lt/house,condo,apartment_duplex,townhouse_type/1-_baths/20000-_price/83-_mp/50-_size/1_pnd/pricea_sort/"
"https://www.zillow.com/homes/for_sale/Washington-DC/fsba,fsbo,new,cmsn_lt/house,condo,apartment_duplex,townhouse_type/1-_baths/20000-_price/83-_mp/50-_size/1_pnd/pricea_sort/"
"https://www.zillow.com/homes/for_sale/Fresno-CA/fsba,fsbo,new,cmsn_lt/house,condo,apartment_duplex,townhouse_type/1-_baths/20000-_price/83-_mp/50-_size/1_pnd/pricea_sort/"
"https://www.zillow.com/homes/for_sale/Buffalo-NY/fsba,fsbo,new,cmsn_lt/house,condo,apartment_duplex,townhouse_type/1-_baths/20000-_price/83-_mp/50-_size/1_pnd/pricea_sort/"
"https://www.zillow.com/homes/for_sale/Kansas-City-MO/fsba,fsbo,new,cmsn_lt/house,condo,apartment_duplex,townhouse_type/1-_baths/20000-_price/83-_mp/50-_size/1_pnd/pricea_sort/"
"https://www.zillow.com/homes/for_sale/Colorado-Springs-CO/fsba,fsbo,new,cmsn_lt/house,condo,apartment_duplex,townhouse_type/1-_baths/20000-_price/83-_mp/50-_size/1_pnd/pricea_sort/"
"https://www.zillow.com/homes/for_sale/Bakersfield-CA/fsba,fsbo,new,cmsn_lt/house,condo,apartment_duplex,townhouse_type/1-_baths/20000-_price/83-_mp/50-_size/1_pnd/pricea_sort/"
"https://www.zillow.com/homes/for_sale/Omaha-NE/fsba,fsbo,new,cmsn_lt/house,condo,apartment_duplex,townhouse_type/1-_baths/20000-_price/83-_mp/50-_size/1_pnd/pricea_sort/"
"https://www.zillow.com/homes/for_sale/Birmingham-AL/fsba,fsbo,new,cmsn_lt/house,condo,apartment_duplex,townhouse_type/1-_baths/20000-_price/83-_mp/50-_size/1_pnd/pricea_sort/"
"https://www.zillow.com/homes/for_sale/Raleigh-NC/fsba,fsbo,new,cmsn_lt/house,condo,apartment_duplex,townhouse_type/1-_baths/20000-_price/83-_mp/50-_size/1_pnd/pricea_sort/"
"https://www.zillow.com/homes/for_sale/Dayton-OH/fsba,fsbo,new,cmsn_lt/house,condo,apartment_duplex,townhouse_type/1-_baths/20000-_price/83-_mp/50-_size/1_pnd/pricea_sort/"
"https://www.zillow.com/homes/for_sale/Mesa-AZ/fsba,fsbo,new,cmsn_lt/house,condo,apartment_duplex,townhouse_type/1-_baths/20000-_price/83-_mp/50-_size/1_pnd/pricea_sort/"
"https://www.zillow.com/homes/for_sale/Rochester-NY/fsba,fsbo,new,cmsn_lt/house,condo,apartment_duplex,townhouse_type/1-_baths/20000-_price/83-_mp/50-_size/1_pnd/pricea_sort/"
"https://www.zillow.com/homes/for_sale/Long-Beach-CA/fsba,fsbo,new,cmsn_lt/house,condo,apartment_duplex,townhouse_type/1-_baths/20000-_price/83-_mp/50-_size/1_pnd/pricea_sort/"
"https://www.zillow.com/homes/for_sale/Staten-Island-NY/fsba,fsbo,new,cmsn_lt/house,condo,apartment_duplex,townhouse_type/1-_baths/20000-_price/83-_mp/50-_size/1_pnd/pricea_sort/"
"https://www.zillow.com/homes/for_sale/Salt-Lake-City-UT/fsba,fsbo,new,cmsn_lt/house,condo,apartment_duplex,townhouse_type/1-_baths/20000-_price/83-_mp/50-_size/1_pnd/pricea_sort/"
"https://www.zillow.com/homes/for_sale/Virginia-Beach-VA/fsba,fsbo,new,cmsn_lt/house,condo,apartment_duplex,townhouse_type/1-_baths/20000-_price/83-_mp/50-_size/1_pnd/pricea_sort/"
"https://www.zillow.com/homes/for_sale/Nashville-TN/fsba,fsbo,new,cmsn_lt/house,condo,apartment_duplex,townhouse_type/1-_baths/20000-_price/83-_mp/50-_size/1_pnd/pricea_sort/"
"https://www.zillow.com/homes/for_sale/Hollywood-FL/fsba,fsbo,new,cmsn_lt/house,condo,apartment_duplex,townhouse_type/1-_baths/20000-_price/83-_mp/50-_size/1_pnd/pricea_sort/"
"https://www.zillow.com/homes/for_sale/Tulsa-OK/fsba,fsbo,new,cmsn_lt/house,condo,apartment_duplex,townhouse_type/1-_baths/20000-_price/83-_mp/50-_size/1_pnd/pricea_sort/"
"https://www.zillow.com/homes/for_sale/Wichita-KS/fsba,fsbo,new,cmsn_lt/house,condo,apartment_duplex,townhouse_type/1-_baths/20000-_price/83-_mp/50-_size/1_pnd/pricea_sort/"
"https://www.zillow.com/homes/for_sale/Knoxville-TN/fsba,fsbo,new,cmsn_lt/house,condo,apartment_duplex,townhouse_type/1-_baths/20000-_price/83-_mp/50-_size/1_pnd/pricea_sort/"
"https://www.zillow.com/homes/for_sale/Aurora-CO/fsba,fsbo,new,cmsn_lt/house,condo,apartment_duplex,townhouse_type/1-_baths/20000-_price/83-_mp/50-_size/1_pnd/pricea_sort/"
"https://www.zillow.com/homes/for_sale/New-Orleans-LA/fsba,fsbo,new,cmsn_lt/house,condo,apartment_duplex,townhouse_type/1-_baths/20000-_price/83-_mp/50-_size/1_pnd/pricea_sort/"
"https://www.zillow.com/homes/for_sale/Oakland-CA/fsba,fsbo,new,cmsn_lt/house,condo,apartment_duplex,townhouse_type/1-_baths/20000-_price/83-_mp/50-_size/1_pnd/pricea_sort/"
"https://www.zillow.com/homes/for_sale/Baton-Rouge-LA/fsba,fsbo,new,cmsn_lt/house,condo,apartment_duplex,townhouse_type/1-_baths/20000-_price/83-_mp/50-_size/1_pnd/pricea_sort/"
"https://www.zillow.com/homes/for_sale/Arlington-TX/fsba,fsbo,new,cmsn_lt/house,condo,apartment_duplex,townhouse_type/1-_baths/20000-_price/83-_mp/50-_size/1_pnd/pricea_sort/"
"https://www.zillow.com/homes/for_sale/Richmond-VA/fsba,fsbo,new,cmsn_lt/house,condo,apartment_duplex,townhouse_type/1-_baths/20000-_price/83-_mp/50-_size/1_pnd/pricea_sort/"
"https://www.zillow.com/homes/for_sale/Stockton-CA/fsba,fsbo,new,cmsn_lt/house,condo,apartment_duplex,townhouse_type/1-_baths/20000-_price/83-_mp/50-_size/1_pnd/pricea_sort/"
"https://www.zillow.com/homes/for_sale/Anaheim-CA/fsba,fsbo,new,cmsn_lt/house,condo,apartment_duplex,townhouse_type/1-_baths/20000-_price/83-_mp/50-_size/1_pnd/pricea_sort/"
"https://www.zillow.com/homes/for_sale/Grand-Rapids-MI/fsba,fsbo,new,cmsn_lt/house,condo,apartment_duplex,townhouse_type/1-_baths/20000-_price/83-_mp/50-_size/1_pnd/pricea_sort/"
"https://www.zillow.com/homes/for_sale/Santa-Ana-CA/fsba,fsbo,new,cmsn_lt/house,condo,apartment_duplex,townhouse_type/1-_baths/20000-_price/83-_mp/50-_size/1_pnd/pricea_sort/"
"https://www.zillow.com/homes/for_sale/Hialeah-FL/fsba,fsbo,new,cmsn_lt/house,condo,apartment_duplex,townhouse_type/1-_baths/20000-_price/83-_mp/50-_size/1_pnd/pricea_sort/"
"https://www.zillow.com/homes/for_sale/Riverside-CA/fsba,fsbo,new,cmsn_lt/house,condo,apartment_duplex,townhouse_type/1-_baths/20000-_price/83-_mp/50-_size/1_pnd/pricea_sort/"
"https://www.zillow.com/homes/for_sale/Spokane-WA/fsba,fsbo,new,cmsn_lt/house,condo,apartment_duplex,townhouse_type/1-_baths/20000-_price/83-_mp/50-_size/1_pnd/pricea_sort/"
"https://www.zillow.com/homes/for_sale/Saint-Petersburg-FL/fsba,fsbo,new,cmsn_lt/house,condo,apartment_duplex,townhouse_type/1-_baths/20000-_price/83-_mp/50-_size/1_pnd/pricea_sort/"
"https://www.zillow.com/homes/for_sale/West-Palm-Beach-FL/fsba,fsbo,new,cmsn_lt/house,condo,apartment_duplex,townhouse_type/1-_baths/20000-_price/83-_mp/50-_size/1_pnd/pricea_sort/"
"https://www.zillow.com/homes/for_sale/Pompano-Beach-FL/fsba,fsbo,new,cmsn_lt/house,condo,apartment_duplex,townhouse_type/1-_baths/20000-_price/83-_mp/50-_size/1_pnd/pricea_sort/"
"https://www.zillow.com/homes/for_sale/Columbia-SC/fsba,fsbo,new,cmsn_lt/house,condo,apartment_duplex,townhouse_type/1-_baths/20000-_price/83-_mp/50-_size/1_pnd/pricea_sort/"
"https://www.zillow.com/homes/for_sale/Tacoma-WA/fsba,fsbo,new,cmsn_lt/house,condo,apartment_duplex,townhouse_type/1-_baths/20000-_price/83-_mp/50-_size/1_pnd/pricea_sort/"
"https://www.zillow.com/homes/for_sale/Alexandria-VA/fsba,fsbo,new,cmsn_lt/house,condo,apartment_duplex,townhouse_type/1-_baths/20000-_price/83-_mp/50-_size/1_pnd/pricea_sort/"
"https://www.zillow.com/homes/for_sale/Toledo-OH/fsba,fsbo,new,cmsn_lt/house,condo,apartment_duplex,townhouse_type/1-_baths/20000-_price/83-_mp/50-_size/1_pnd/pricea_sort/"
"https://www.zillow.com/homes/for_sale/Spring-TX/fsba,fsbo,new,cmsn_lt/house,condo,apartment_duplex,townhouse_type/1-_baths/20000-_price/83-_mp/50-_size/1_pnd/pricea_sort/"
"https://www.zillow.com/homes/for_sale/Corpus-Christi-TX/fsba,fsbo,new,cmsn_lt/house,condo,apartment_duplex,townhouse_type/1-_baths/20000-_price/83-_mp/50-_size/1_pnd/pricea_sort/"
"https://www.zillow.com/homes/for_sale/Fort-Wayne-IN/fsba,fsbo,new,cmsn_lt/house,condo,apartment_duplex,townhouse_type/1-_baths/20000-_price/83-_mp/50-_size/1_pnd/pricea_sort/"
"https://www.zillow.com/homes/for_sale/Greensboro-NC/fsba,fsbo,new,cmsn_lt/house,condo,apartment_duplex,townhouse_type/1-_baths/20000-_price/83-_mp/50-_size/1_pnd/pricea_sort/"
"https://www.zillow.com/homes/for_sale/Littleton-CO/fsba,fsbo,new,cmsn_lt/house,condo,apartment_duplex,townhouse_type/1-_baths/20000-_price/83-_mp/50-_size/1_pnd/pricea_sort/"
"https://www.zillow.com/homes/for_sale/Marietta-GA/fsba,fsbo,new,cmsn_lt/house,condo,apartment_duplex,townhouse_type/1-_baths/20000-_price/83-_mp/50-_size/1_pnd/pricea_sort/"
"https://www.zillow.com/homes/for_sale/Vancouver-WA/fsba,fsbo,new,cmsn_lt/house,condo,apartment_duplex,townhouse_type/1-_baths/20000-_price/83-_mp/50-_size/1_pnd/pricea_sort/"
"https://www.zillow.com/homes/for_sale/Lexington-KY/fsba,fsbo,new,cmsn_lt/house,condo,apartment_duplex,townhouse_type/1-_baths/20000-_price/83-_mp/50-_size/1_pnd/pricea_sort/"
"https://www.zillow.com/homes/for_sale/Silver-Spring-MD/fsba,fsbo,new,cmsn_lt/house,condo,apartment_duplex,townhouse_type/1-_baths/20000-_price/83-_mp/50-_size/1_pnd/pricea_sort/"
"https://www.zillow.com/homes/for_sale/Glendale-AZ/fsba,fsbo,new,cmsn_lt/house,condo,apartment_duplex,townhouse_type/1-_baths/20000-_price/83-_mp/50-_size/1_pnd/pricea_sort/"
"https://www.zillow.com/homes/for_sale/Plano-TX/fsba,fsbo,new,cmsn_lt/house,condo,apartment_duplex,townhouse_type/1-_baths/20000-_price/83-_mp/50-_size/1_pnd/pricea_sort/"
"https://www.zillow.com/homes/for_sale/Newark-NJ/fsba,fsbo,new,cmsn_lt/house,condo,apartment_duplex,townhouse_type/1-_baths/20000-_price/83-_mp/50-_size/1_pnd/pricea_sort/"
"https://www.zillow.com/homes/for_sale/Reno-NV/fsba,fsbo,new,cmsn_lt/house,condo,apartment_duplex,townhouse_type/1-_baths/20000-_price/83-_mp/50-_size/1_pnd/pricea_sort/"
"https://www.zillow.com/homes/for_sale/Naples-FL/fsba,fsbo,new,cmsn_lt/house,condo,apartment_duplex,townhouse_type/1-_baths/20000-_price/83-_mp/50-_size/1_pnd/pricea_sort/"
"https://www.zillow.com/homes/for_sale/Tallahassee-FL/fsba,fsbo,new,cmsn_lt/house,condo,apartment_duplex,townhouse_type/1-_baths/20000-_price/83-_mp/50-_size/1_pnd/pricea_sort/"
"https://www.zillow.com/homes/for_sale/Madison-WI/fsba,fsbo,new,cmsn_lt/house,condo,apartment_duplex,townhouse_type/1-_baths/20000-_price/83-_mp/50-_size/1_pnd/pricea_sort/"
"https://www.zillow.com/homes/for_sale/Akron-OH/fsba,fsbo,new,cmsn_lt/house,condo,apartment_duplex,townhouse_type/1-_baths/20000-_price/83-_mp/50-_size/1_pnd/pricea_sort/"
"https://www.zillow.com/homes/for_sale/Mobile-AL/fsba,fsbo,new,cmsn_lt/house,condo,apartment_duplex,townhouse_type/1-_baths/20000-_price/83-_mp/50-_size/1_pnd/pricea_sort/"
"https://www.zillow.com/homes/for_sale/Scottsdale-AZ/fsba,fsbo,new,cmsn_lt/house,condo,apartment_duplex,townhouse_type/1-_baths/20000-_price/83-_mp/50-_size/1_pnd/pricea_sort/"
"https://www.zillow.com/homes/for_sale/Lincoln-NE/fsba,fsbo,new,cmsn_lt/house,condo,apartment_duplex,townhouse_type/1-_baths/20000-_price/83-_mp/50-_size/1_pnd/pricea_sort/"
"https://www.zillow.com/homes/for_sale/Henderson-NV/fsba,fsbo,new,cmsn_lt/house,condo,apartment_duplex,townhouse_type/1-_baths/20000-_price/83-_mp/50-_size/1_pnd/pricea_sort/"
"https://www.zillow.com/homes/for_sale/Durham-NC/fsba,fsbo,new,cmsn_lt/house,condo,apartment_duplex,townhouse_type/1-_baths/20000-_price/83-_mp/50-_size/1_pnd/pricea_sort/"
"https://www.zillow.com/homes/for_sale/Chandler-AZ/fsba,fsbo,new,cmsn_lt/house,condo,apartment_duplex,townhouse_type/1-_baths/20000-_price/83-_mp/50-_size/1_pnd/pricea_sort/"
"https://www.zillow.com/homes/for_sale/Modesto-CA/fsba,fsbo,new,cmsn_lt/house,condo,apartment_duplex,townhouse_type/1-_baths/20000-_price/83-_mp/50-_size/1_pnd/pricea_sort/"
"https://www.zillow.com/homes/for_sale/Pensacola-FL/fsba,fsbo,new,cmsn_lt/house,condo,apartment_duplex,townhouse_type/1-_baths/20000-_price/83-_mp/50-_size/1_pnd/pricea_sort/"
"https://www.zillow.com/homes/for_sale/Lubbock-TX/fsba,fsbo,new,cmsn_lt/house,condo,apartment_duplex,townhouse_type/1-_baths/20000-_price/83-_mp/50-_size/1_pnd/pricea_sort/"
"https://www.zillow.com/homes/for_sale/Katy-TX/fsba,fsbo,new,cmsn_lt/house,condo,apartment_duplex,townhouse_type/1-_baths/20000-_price/83-_mp/50-_size/1_pnd/pricea_sort/"
"https://www.zillow.com/homes/for_sale/Winston-Salem-NC/fsba,fsbo,new,cmsn_lt/house,condo,apartment_duplex,townhouse_type/1-_baths/20000-_price/83-_mp/50-_size/1_pnd/pricea_sort/"
"https://www.zillow.com/homes/for_sale/Salem-OR/fsba,fsbo,new,cmsn_lt/house,condo,apartment_duplex,townhouse_type/1-_baths/20000-_price/83-_mp/50-_size/1_pnd/pricea_sort/"
"https://www.zillow.com/homes/for_sale/Laredo-TX/fsba,fsbo,new,cmsn_lt/house,condo,apartment_duplex,townhouse_type/1-_baths/20000-_price/83-_mp/50-_size/1_pnd/pricea_sort/"
"https://www.zillow.com/homes/for_sale/Jersey-City-NJ/fsba,fsbo,new,cmsn_lt/house,condo,apartment_duplex,townhouse_type/1-_baths/20000-_price/83-_mp/50-_size/1_pnd/pricea_sort/"
"https://www.zillow.com/homes/for_sale/Norfolk-VA/fsba,fsbo,new,cmsn_lt/house,condo,apartment_duplex,townhouse_type/1-_baths/20000-_price/83-_mp/50-_size/1_pnd/pricea_sort/"
"https://www.zillow.com/homes/for_sale/Fayetteville-NC/fsba,fsbo,new,cmsn_lt/house,condo,apartment_duplex,townhouse_type/1-_baths/20000-_price/83-_mp/50-_size/1_pnd/pricea_sort/"
"https://www.zillow.com/homes/for_sale/Lakeland-FL/fsba,fsbo,new,cmsn_lt/house,condo,apartment_duplex,townhouse_type/1-_baths/20000-_price/83-_mp/50-_size/1_pnd/pricea_sort/"
"https://www.zillow.com/homes/for_sale/San-Bernardino-CA/fsba,fsbo,new,cmsn_lt/house,condo,apartment_duplex,townhouse_type/1-_baths/20000-_price/83-_mp/50-_size/1_pnd/pricea_sort/"
"https://www.zillow.com/homes/for_sale/Boise-ID/fsba,fsbo,new,cmsn_lt/house,condo,apartment_duplex,townhouse_type/1-_baths/20000-_price/83-_mp/50-_size/1_pnd/pricea_sort/"
"https://www.zillow.com/homes/for_sale/Sarasota-FL/fsba,fsbo,new,cmsn_lt/house,condo,apartment_duplex,townhouse_type/1-_baths/20000-_price/83-_mp/50-_size/1_pnd/pricea_sort/"
"https://www.zillow.com/homes/for_sale/Syracuse-NY/fsba,fsbo,new,cmsn_lt/house,condo,apartment_duplex,townhouse_type/1-_baths/20000-_price/83-_mp/50-_size/1_pnd/pricea_sort/"
"https://www.zillow.com/homes/for_sale/Savannah-GA/fsba,fsbo,new,cmsn_lt/house,condo,apartment_duplex,townhouse_type/1-_baths/20000-_price/83-_mp/50-_size/1_pnd/pricea_sort/"
"https://www.zillow.com/homes/for_sale/Lawrenceville-GA/fsba,fsbo,new,cmsn_lt/house,condo,apartment_duplex,townhouse_type/1-_baths/20000-_price/83-_mp/50-_size/1_pnd/pricea_sort/"
"https://www.zillow.com/homes/for_sale/Kissimmee-FL/fsba,fsbo,new,cmsn_lt/house,condo,apartment_duplex,townhouse_type/1-_baths/20000-_price/83-_mp/50-_size/1_pnd/pricea_sort/"
"https://www.zillow.com/homes/for_sale/Shreveport-LA/fsba,fsbo,new,cmsn_lt/house,condo,apartment_duplex,townhouse_type/1-_baths/20000-_price/83-_mp/50-_size/1_pnd/pricea_sort/"
"https://www.zillow.com/homes/for_sale/Garland-TX/fsba,fsbo,new,cmsn_lt/house,condo,apartment_duplex,townhouse_type/1-_baths/20000-_price/83-_mp/50-_size/1_pnd/pricea_sort/"
"https://www.zillow.com/homes/for_sale/Trenton-NJ/fsba,fsbo,new,cmsn_lt/house,condo,apartment_duplex,townhouse_type/1-_baths/20000-_price/83-_mp/50-_size/1_pnd/pricea_sort/"
"https://www.zillow.com/homes/for_sale/Jamaica-NY/fsba,fsbo,new,cmsn_lt/house,condo,apartment_duplex,townhouse_type/1-_baths/20000-_price/83-_mp/50-_size/1_pnd/pricea_sort/"
"https://www.zillow.com/homes/for_sale/Fort-Myers-FL/fsba,fsbo,new,cmsn_lt/house,condo,apartment_duplex,townhouse_type/1-_baths/20000-_price/83-_mp/50-_size/1_pnd/pricea_sort/"
"https://www.zillow.com/homes/for_sale/Chesapeake-VA/fsba,fsbo,new,cmsn_lt/house,condo,apartment_duplex,townhouse_type/1-_baths/20000-_price/83-_mp/50-_size/1_pnd/pricea_sort/"
"https://www.zillow.com/homes/for_sale/Amarillo-TX/fsba,fsbo,new,cmsn_lt/house,condo,apartment_duplex,townhouse_type/1-_baths/20000-_price/83-_mp/50-_size/1_pnd/pricea_sort/"
"https://www.zillow.com/homes/for_sale/Springfield-MO/fsba,fsbo,new,cmsn_lt/house,condo,apartment_duplex,townhouse_type/1-_baths/20000-_price/83-_mp/50-_size/1_pnd/pricea_sort/"
"https://www.zillow.com/homes/for_sale/Flushing-NY/fsba,fsbo,new,cmsn_lt/house,condo,apartment_duplex,townhouse_type/1-_baths/20000-_price/83-_mp/50-_size/1_pnd/pricea_sort/"
"https://www.zillow.com/homes/for_sale/Irving-TX/fsba,fsbo,new,cmsn_lt/house,condo,apartment_duplex,townhouse_type/1-_baths/20000-_price/83-_mp/50-_size/1_pnd/pricea_sort/"
"https://www.zillow.com/homes/for_sale/Bradenton-FL/fsba,fsbo,new,cmsn_lt/house,condo,apartment_duplex,townhouse_type/1-_baths/20000-_price/83-_mp/50-_size/1_pnd/pricea_sort/"
"https://www.zillow.com/homes/for_sale/Lake-Worth-FL/fsba,fsbo,new,cmsn_lt/house,condo,apartment_duplex,townhouse_type/1-_baths/20000-_price/83-_mp/50-_size/1_pnd/pricea_sort/"
"https://www.zillow.com/homes/for_sale/Wilmington-DE/fsba,fsbo,new,cmsn_lt/house,condo,apartment_duplex,townhouse_type/1-_baths/20000-_price/83-_mp/50-_size/1_pnd/pricea_sort/"
"https://www.zillow.com/homes/for_sale/Montgomery-AL/fsba,fsbo,new,cmsn_lt/house,condo,apartment_duplex,townhouse_type/1-_baths/20000-_price/83-_mp/50-_size/1_pnd/pricea_sort/"
"https://www.zillow.com/homes/for_sale/Little-Rock-AR/fsba,fsbo,new,cmsn_lt/house,condo,apartment_duplex,townhouse_type/1-_baths/20000-_price/83-_mp/50-_size/1_pnd/pricea_sort/"
"https://www.zillow.com/homes/for_sale/Fremont-CA/fsba,fsbo,new,cmsn_lt/house,condo,apartment_duplex,townhouse_type/1-_baths/20000-_price/83-_mp/50-_size/1_pnd/pricea_sort/"
"https://www.zillow.com/homes/for_sale/Reading-PA/fsba,fsbo,new,cmsn_lt/house,condo,apartment_duplex,townhouse_type/1-_baths/20000-_price/83-_mp/50-_size/1_pnd/pricea_sort/"
"https://www.zillow.com/homes/for_sale/Irvine-CA/fsba,fsbo,new,cmsn_lt/house,condo,apartment_duplex,townhouse_type/1-_baths/20000-_price/83-_mp/50-_size/1_pnd/pricea_sort/"
"https://www.zillow.com/homes/for_sale/Des-Moines-IA/fsba,fsbo,new,cmsn_lt/house,condo,apartment_duplex,townhouse_type/1-_baths/20000-_price/83-_mp/50-_size/1_pnd/pricea_sort/"
"https://www.zillow.com/homes/for_sale/Arlington-VA/fsba,fsbo,new,cmsn_lt/house,condo,apartment_duplex,townhouse_type/1-_baths/20000-_price/83-_mp/50-_size/1_pnd/pricea_sort/"
"https://www.zillow.com/homes/for_sale/Aurora-IL/fsba,fsbo,new,cmsn_lt/house,condo,apartment_duplex,townhouse_type/1-_baths/20000-_price/83-_mp/50-_size/1_pnd/pricea_sort/"
"https://www.zillow.com/homes/for_sale/Providence-RI/fsba,fsbo,new,cmsn_lt/house,condo,apartment_duplex,townhouse_type/1-_baths/20000-_price/83-_mp/50-_size/1_pnd/pricea_sort/"
"https://www.zillow.com/homes/for_sale/Augusta-GA/fsba,fsbo,new,cmsn_lt/house,condo,apartment_duplex,townhouse_type/1-_baths/20000-_price/83-_mp/50-_size/1_pnd/pricea_sort/"
"https://www.zillow.com/homes/for_sale/Greenville-SC/fsba,fsbo,new,cmsn_lt/house,condo,apartment_duplex,townhouse_type/1-_baths/20000-_price/83-_mp/50-_size/1_pnd/pricea_sort/"
"https://www.zillow.com/homes/for_sale/Chattanooga-TN/fsba,fsbo,new,cmsn_lt/house,condo,apartment_duplex,townhouse_type/1-_baths/20000-_price/83-_mp/50-_size/1_pnd/pricea_sort/"
"https://www.zillow.com/homes/for_sale/Brownsville-TX/fsba,fsbo,new,cmsn_lt/house,condo,apartment_duplex,townhouse_type/1-_baths/20000-_price/83-_mp/50-_size/1_pnd/pricea_sort/"
"https://www.zillow.com/homes/for_sale/Eugene-OR/fsba,fsbo,new,cmsn_lt/house,condo,apartment_duplex,townhouse_type/1-_baths/20000-_price/83-_mp/50-_size/1_pnd/pricea_sort/"
"https://www.zillow.com/homes/for_sale/Huntington-Beach-CA/fsba,fsbo,new,cmsn_lt/house,condo,apartment_duplex,townhouse_type/1-_baths/20000-_price/83-_mp/50-_size/1_pnd/pricea_sort/"
"https://www.zillow.com/homes/for_sale/Huntsville-AL/fsba,fsbo,new,cmsn_lt/house,condo,apartment_duplex,townhouse_type/1-_baths/20000-_price/83-_mp/50-_size/1_pnd/pricea_sort/"
"https://www.zillow.com/homes/for_sale/Rockford-IL/fsba,fsbo,new,cmsn_lt/house,condo,apartment_duplex,townhouse_type/1-_baths/20000-_price/83-_mp/50-_size/1_pnd/pricea_sort/"
"https://www.zillow.com/homes/for_sale/Oceanside-CA/fsba,fsbo,new,cmsn_lt/house,condo,apartment_duplex,townhouse_type/1-_baths/20000-_price/83-_mp/50-_size/1_pnd/pricea_sort/"
"https://www.zillow.com/homes/for_sale/Erie-PA/fsba,fsbo,new,cmsn_lt/house,condo,apartment_duplex,townhouse_type/1-_baths/20000-_price/83-_mp/50-_size/1_pnd/pricea_sort/"
"https://www.zillow.com/homes/for_sale/Ogden-UT/fsba,fsbo,new,cmsn_lt/house,condo,apartment_duplex,townhouse_type/1-_baths/20000-_price/83-_mp/50-_size/1_pnd/pricea_sort/"
"https://www.zillow.com/homes/for_sale/Wilmington-NC/fsba,fsbo,new,cmsn_lt/house,condo,apartment_duplex,townhouse_type/1-_baths/20000-_price/83-_mp/50-_size/1_pnd/pricea_sort/"
"https://www.zillow.com/homes/for_sale/Woodbridge-VA/fsba,fsbo,new,cmsn_lt/house,condo,apartment_duplex,townhouse_type/1-_baths/20000-_price/83-_mp/50-_size/1_pnd/pricea_sort/"
"https://www.zillow.com/homes/for_sale/Beaverton-OR/fsba,fsbo,new,cmsn_lt/house,condo,apartment_duplex,townhouse_type/1-_baths/20000-_price/83-_mp/50-_size/1_pnd/pricea_sort/"
"https://www.zillow.com/homes/for_sale/Evansville-IN/fsba,fsbo,new,cmsn_lt/house,condo,apartment_duplex,townhouse_type/1-_baths/20000-_price/83-_mp/50-_size/1_pnd/pricea_sort/"
"https://www.zillow.com/homes/for_sale/Henrico-VA/fsba,fsbo,new,cmsn_lt/house,condo,apartment_duplex,townhouse_type/1-_baths/20000-_price/83-_mp/50-_size/1_pnd/pricea_sort/"
"https://www.zillow.com/homes/for_sale/Salinas-CA/fsba,fsbo,new,cmsn_lt/house,condo,apartment_duplex,townhouse_type/1-_baths/20000-_price/83-_mp/50-_size/1_pnd/pricea_sort/"
"https://www.zillow.com/homes/for_sale/Worcester-MA/fsba,fsbo,new,cmsn_lt/house,condo,apartment_duplex,townhouse_type/1-_baths/20000-_price/83-_mp/50-_size/1_pnd/pricea_sort/"
"https://www.zillow.com/homes/for_sale/Green-Bay-WI/fsba,fsbo,new,cmsn_lt/house,condo,apartment_duplex,townhouse_type/1-_baths/20000-_price/83-_mp/50-_size/1_pnd/pricea_sort/"
"https://www.zillow.com/homes/for_sale/Yonkers-NY/fsba,fsbo,new,cmsn_lt/house,condo,apartment_duplex,townhouse_type/1-_baths/20000-_price/83-_mp/50-_size/1_pnd/pricea_sort/"
"https://www.zillow.com/homes/for_sale/Charleston-SC/fsba,fsbo,new,cmsn_lt/house,condo,apartment_duplex,townhouse_type/1-_baths/20000-_price/83-_mp/50-_size/1_pnd/pricea_sort/"
"https://www.zillow.com/homes/for_sale/Hayward-CA/fsba,fsbo,new,cmsn_lt/house,condo,apartment_duplex,townhouse_type/1-_baths/20000-_price/83-_mp/50-_size/1_pnd/pricea_sort/"
"https://www.zillow.com/homes/for_sale/York-PA/fsba,fsbo,new,cmsn_lt/house,condo,apartment_duplex,townhouse_type/1-_baths/20000-_price/83-_mp/50-_size/1_pnd/pricea_sort/"
"https://www.zillow.com/homes/for_sale/Jackson-MS/fsba,fsbo,new,cmsn_lt/house,condo,apartment_duplex,townhouse_type/1-_baths/20000-_price/83-_mp/50-_size/1_pnd/pricea_sort/"
"https://www.zillow.com/homes/for_sale/Grand-Prairie-TX/fsba,fsbo,new,cmsn_lt/house,condo,apartment_duplex,townhouse_type/1-_baths/20000-_price/83-_mp/50-_size/1_pnd/pricea_sort/"
"https://www.zillow.com/homes/for_sale/Columbus-GA/fsba,fsbo,new,cmsn_lt/house,condo,apartment_duplex,townhouse_type/1-_baths/20000-_price/83-_mp/50-_size/1_pnd/pricea_sort/"
"https://www.zillow.com/homes/for_sale/Glendale-CA/fsba,fsbo,new,cmsn_lt/house,condo,apartment_duplex,townhouse_type/1-_baths/20000-_price/83-_mp/50-_size/1_pnd/pricea_sort/"
"https://www.zillow.com/homes/for_sale/Decatur-GA/fsba,fsbo,new,cmsn_lt/house,condo,apartment_duplex,townhouse_type/1-_baths/20000-_price/83-_mp/50-_size/1_pnd/pricea_sort/"
"https://www.zillow.com/homes/for_sale/Mission-TX/fsba,fsbo,new,cmsn_lt/house,condo,apartment_duplex,townhouse_type/1-_baths/20000-_price/83-_mp/50-_size/1_pnd/pricea_sort/"
"https://www.zillow.com/homes/for_sale/Olympia-WA/fsba,fsbo,new,cmsn_lt/house,condo,apartment_duplex,townhouse_type/1-_baths/20000-_price/83-_mp/50-_size/1_pnd/pricea_sort/"
"https://www.zillow.com/homes/for_sale/Allentown-PA/fsba,fsbo,new,cmsn_lt/house,condo,apartment_duplex,townhouse_type/1-_baths/20000-_price/83-_mp/50-_size/1_pnd/pricea_sort/"
"https://www.zillow.com/homes/for_sale/Macon-GA/fsba,fsbo,new,cmsn_lt/house,condo,apartment_duplex,townhouse_type/1-_baths/20000-_price/83-_mp/50-_size/1_pnd/pricea_sort/"
"https://www.zillow.com/homes/for_sale/Alpharetta-GA/fsba,fsbo,new,cmsn_lt/house,condo,apartment_duplex,townhouse_type/1-_baths/20000-_price/83-_mp/50-_size/1_pnd/pricea_sort/"
"https://www.zillow.com/homes/for_sale/Harrisburg-PA/fsba,fsbo,new,cmsn_lt/house,condo,apartment_duplex,townhouse_type/1-_baths/20000-_price/83-_mp/50-_size/1_pnd/pricea_sort/"
"https://www.zillow.com/homes/for_sale/Lancaster-PA/fsba,fsbo,new,cmsn_lt/house,condo,apartment_duplex,townhouse_type/1-_baths/20000-_price/83-_mp/50-_size/1_pnd/pricea_sort/"
"https://www.zillow.com/homes/for_sale/Topeka-KS/fsba,fsbo,new,cmsn_lt/house,condo,apartment_duplex,townhouse_type/1-_baths/20000-_price/83-_mp/50-_size/1_pnd/pricea_sort/"
"https://www.zillow.com/homes/for_sale/Youngstown-OH/fsba,fsbo,new,cmsn_lt/house,condo,apartment_duplex,townhouse_type/1-_baths/20000-_price/83-_mp/50-_size/1_pnd/pricea_sort/"
"https://www.zillow.com/homes/for_sale/Flint-MI/fsba,fsbo,new,cmsn_lt/house,condo,apartment_duplex,townhouse_type/1-_baths/20000-_price/83-_mp/50-_size/1_pnd/pricea_sort/"
"https://www.zillow.com/homes/for_sale/Schenectady-NY/fsba,fsbo,new,cmsn_lt/house,condo,apartment_duplex,townhouse_type/1-_baths/20000-_price/83-_mp/50-_size/1_pnd/pricea_sort/"
"https://www.zillow.com/homes/for_sale/Lansing-MI/fsba,fsbo,new,cmsn_lt/house,condo,apartment_duplex,townhouse_type/1-_baths/20000-_price/83-_mp/50-_size/1_pnd/pricea_sort/"
"https://www.zillow.com/homes/for_sale/Sioux-Falls-SD/fsba,fsbo,new,cmsn_lt/house,condo,apartment_duplex,townhouse_type/1-_baths/20000-_price/83-_mp/50-_size/1_pnd/pricea_sort/"
"https://www.zillow.com/homes/for_sale/Naperville-IL/fsba,fsbo,new,cmsn_lt/house,condo,apartment_duplex,townhouse_type/1-_baths/20000-_price/83-_mp/50-_size/1_pnd/pricea_sort/"
"https://www.zillow.com/homes/for_sale/Kalamazoo-MI/fsba,fsbo,new,cmsn_lt/house,condo,apartment_duplex,townhouse_type/1-_baths/20000-_price/83-_mp/50-_size/1_pnd/pricea_sort/"
"https://www.zillow.com/homes/for_sale/Murfreesboro-TN/fsba,fsbo,new,cmsn_lt/house,condo,apartment_duplex,townhouse_type/1-_baths/20000-_price/83-_mp/50-_size/1_pnd/pricea_sort/"
"https://www.zillow.com/homes/for_sale/Ann-Arbor-MI/fsba,fsbo,new,cmsn_lt/house,condo,apartment_duplex,townhouse_type/1-_baths/20000-_price/83-_mp/50-_size/1_pnd/pricea_sort/"
"https://www.zillow.com/homes/for_sale/North-Hollywood-CA/fsba,fsbo,new,cmsn_lt/house,condo,apartment_duplex,townhouse_type/1-_baths/20000-_price/83-_mp/50-_size/1_pnd/pricea_sort/"
"https://www.zillow.com/homes/for_sale/Pasadena-CA/fsba,fsbo,new,cmsn_lt/house,condo,apartment_duplex,townhouse_type/1-_baths/20000-_price/83-_mp/50-_size/1_pnd/pricea_sort/"
"https://www.zillow.com/homes/for_sale/Clarksville-TN/fsba,fsbo,new,cmsn_lt/house,condo,apartment_duplex,townhouse_type/1-_baths/20000-_price/83-_mp/50-_size/1_pnd/pricea_sort/"
"https://www.zillow.com/homes/for_sale/Lafayette-LA/fsba,fsbo,new,cmsn_lt/house,condo,apartment_duplex,townhouse_type/1-_baths/20000-_price/83-_mp/50-_size/1_pnd/pricea_sort/"
"https://www.zillow.com/homes/for_sale/Albany-NY/fsba,fsbo,new,cmsn_lt/house,condo,apartment_duplex,townhouse_type/1-_baths/20000-_price/83-_mp/50-_size/1_pnd/pricea_sort/"
"https://www.zillow.com/homes/for_sale/Hyattsville-MD/fsba,fsbo,new,cmsn_lt/house,condo,apartment_duplex,townhouse_type/1-_baths/20000-_price/83-_mp/50-_size/1_pnd/pricea_sort/"
"https://www.zillow.com/homes/for_sale/Kansas-City-KS/fsba,fsbo,new,cmsn_lt/house,condo,apartment_duplex,townhouse_type/1-_baths/20000-_price/83-_mp/50-_size/1_pnd/pricea_sort/"
"https://www.zillow.com/homes/for_sale/Sugar-Land-TX/fsba,fsbo,new,cmsn_lt/house,condo,apartment_duplex,townhouse_type/1-_baths/20000-_price/83-_mp/50-_size/1_pnd/pricea_sort/"
"https://www.zillow.com/homes/for_sale/Waco-TX/fsba,fsbo,new,cmsn_lt/house,condo,apartment_duplex,townhouse_type/1-_baths/20000-_price/83-_mp/50-_size/1_pnd/pricea_sort/"
"https://www.zillow.com/homes/for_sale/Astoria-NY/fsba,fsbo,new,cmsn_lt/house,condo,apartment_duplex,townhouse_type/1-_baths/20000-_price/83-_mp/50-_size/1_pnd/pricea_sort/"
"https://www.zillow.com/homes/for_sale/Canton-OH/fsba,fsbo,new,cmsn_lt/house,condo,apartment_duplex,townhouse_type/1-_baths/20000-_price/83-_mp/50-_size/1_pnd/pricea_sort/"
"https://www.zillow.com/homes/for_sale/Paterson-NJ/fsba,fsbo,new,cmsn_lt/house,condo,apartment_duplex,townhouse_type/1-_baths/20000-_price/83-_mp/50-_size/1_pnd/pricea_sort/"
"https://www.zillow.com/homes/for_sale/Pasadena-TX/fsba,fsbo,new,cmsn_lt/house,condo,apartment_duplex,townhouse_type/1-_baths/20000-_price/83-_mp/50-_size/1_pnd/pricea_sort/"
"https://www.zillow.com/homes/for_sale/South-Bend-IN/fsba,fsbo,new,cmsn_lt/house,condo,apartment_duplex,townhouse_type/1-_baths/20000-_price/83-_mp/50-_size/1_pnd/pricea_sort/"
"https://www.zillow.com/homes/for_sale/Mckinney-TX/fsba,fsbo,new,cmsn_lt/house,condo,apartment_duplex,townhouse_type/1-_baths/20000-_price/83-_mp/50-_size/1_pnd/pricea_sort/"
"https://www.zillow.com/homes/for_sale/Bridgeport-CT/fsba,fsbo,new,cmsn_lt/house,condo,apartment_duplex,townhouse_type/1-_baths/20000-_price/83-_mp/50-_size/1_pnd/pricea_sort/"
"https://www.zillow.com/homes/for_sale/Tyler-TX/fsba,fsbo,new,cmsn_lt/house,condo,apartment_duplex,townhouse_type/1-_baths/20000-_price/83-_mp/50-_size/1_pnd/pricea_sort/"
"https://www.zillow.com/homes/for_sale/Springfield-MA/fsba,fsbo,new,cmsn_lt/house,condo,apartment_duplex,townhouse_type/1-_baths/20000-_price/83-_mp/50-_size/1_pnd/pricea_sort/"
"https://www.zillow.com/homes/for_sale/Boston-MA/fsba,fsbo,new,cmsn_lt/house,condo,apartment_duplex,townhouse_type/1-_baths/20000-_price/83-_mp/50-_size/1_pnd/pricea_sort/"
"https://www.zillow.com/homes/for_sale/Beaumont-TX/fsba,fsbo,new,cmsn_lt/house,condo,apartment_duplex,townhouse_type/1-_baths/20000-_price/83-_mp/50-_size/1_pnd/pricea_sort/"
"https://www.zillow.com/homes/for_sale/Springfield-IL/fsba,fsbo,new,cmsn_lt/house,condo,apartment_duplex,townhouse_type/1-_baths/20000-_price/83-_mp/50-_size/1_pnd/pricea_sort/"
"https://www.zillow.com/homes/for_sale/Edmond-OK/fsba,fsbo,new,cmsn_lt/house,condo,apartment_duplex,townhouse_type/1-_baths/20000-_price/83-_mp/50-_size/1_pnd/pricea_sort/"
"https://www.zillow.com/homes/for_sale/Orange-CA/fsba,fsbo,new,cmsn_lt/house,condo,apartment_duplex,townhouse_type/1-_baths/20000-_price/83-_mp/50-_size/1_pnd/pricea_sort/"
"https://www.zillow.com/homes/for_sale/Renton-WA/fsba,fsbo,new,cmsn_lt/house,condo,apartment_duplex,townhouse_type/1-_baths/20000-_price/83-_mp/50-_size/1_pnd/pricea_sort/"
"https://www.zillow.com/homes/for_sale/Sunnyvale-CA/fsba,fsbo,new,cmsn_lt/house,condo,apartment_duplex,townhouse_type/1-_baths/20000-_price/83-_mp/50-_size/1_pnd/pricea_sort/"
"https://www.zillow.com/homes/for_sale/Columbia-MO/fsba,fsbo,new,cmsn_lt/house,condo,apartment_duplex,townhouse_type/1-_baths/20000-_price/83-_mp/50-_size/1_pnd/pricea_sort/"
"https://www.zillow.com/homes/for_sale/Peoria-IL/fsba,fsbo,new,cmsn_lt/house,condo,apartment_duplex,townhouse_type/1-_baths/20000-_price/83-_mp/50-_size/1_pnd/pricea_sort/"
"https://www.zillow.com/homes/for_sale/Saginaw-MI/fsba,fsbo,new,cmsn_lt/house,condo,apartment_duplex,townhouse_type/1-_baths/20000-_price/83-_mp/50-_size/1_pnd/pricea_sort/"
"https://www.zillow.com/homes/for_sale/Gaithersburg-MD/fsba,fsbo,new,cmsn_lt/house,condo,apartment_duplex,townhouse_type/1-_baths/20000-_price/83-_mp/50-_size/1_pnd/pricea_sort/"
"https://www.zillow.com/homes/for_sale/Inglewood-CA/fsba,fsbo,new,cmsn_lt/house,condo,apartment_duplex,townhouse_type/1-_baths/20000-_price/83-_mp/50-_size/1_pnd/pricea_sort/"
"https://www.zillow.com/homes/for_sale/Compton-CA/fsba,fsbo,new,cmsn_lt/house,condo,apartment_duplex,townhouse_type/1-_baths/20000-_price/83-_mp/50-_size/1_pnd/pricea_sort/"
"https://www.zillow.com/homes/for_sale/Saint-Charles-MO/fsba,fsbo,new,cmsn_lt/house,condo,apartment_duplex,townhouse_type/1-_baths/20000-_price/83-_mp/50-_size/1_pnd/pricea_sort/"
"https://www.zillow.com/homes/for_sale/Hamilton-OH/fsba,fsbo,new,cmsn_lt/house,condo,apartment_duplex,townhouse_type/1-_baths/20000-_price/83-_mp/50-_size/1_pnd/pricea_sort/"
"https://www.zillow.com/homes/for_sale/Cedar-Rapids-IA/fsba,fsbo,new,cmsn_lt/house,condo,apartment_duplex,townhouse_type/1-_baths/20000-_price/83-_mp/50-_size/1_pnd/pricea_sort/"
"https://www.zillow.com/homes/for_sale/Warren-MI/fsba,fsbo,new,cmsn_lt/house,condo,apartment_duplex,townhouse_type/1-_baths/20000-_price/83-_mp/50-_size/1_pnd/pricea_sort/"
"https://www.zillow.com/homes/for_sale/Santa-Barbara-CA/fsba,fsbo,new,cmsn_lt/house,condo,apartment_duplex,townhouse_type/1-_baths/20000-_price/83-_mp/50-_size/1_pnd/pricea_sort/"
"https://www.zillow.com/homes/for_sale/Cary-NC/fsba,fsbo,new,cmsn_lt/house,condo,apartment_duplex,townhouse_type/1-_baths/20000-_price/83-_mp/50-_size/1_pnd/pricea_sort/"
"https://www.zillow.com/homes/for_sale/Bellevue-WA/fsba,fsbo,new,cmsn_lt/house,condo,apartment_duplex,townhouse_type/1-_baths/20000-_price/83-_mp/50-_size/1_pnd/pricea_sort/"
"https://www.zillow.com/homes/for_sale/Rockville-MD/fsba,fsbo,new,cmsn_lt/house,condo,apartment_duplex,townhouse_type/1-_baths/20000-_price/83-_mp/50-_size/1_pnd/pricea_sort/"
"https://www.zillow.com/homes/for_sale/Sterling-Heights-MI/fsba,fsbo,new,cmsn_lt/house,condo,apartment_duplex,townhouse_type/1-_baths/20000-_price/83-_mp/50-_size/1_pnd/pricea_sort/"
"https://www.zillow.com/homes/for_sale/New-Haven-CT/fsba,fsbo,new,cmsn_lt/house,condo,apartment_duplex,townhouse_type/1-_baths/20000-_price/83-_mp/50-_size/1_pnd/pricea_sort/"
"https://www.zillow.com/homes/for_sale/Muskegon-MI/fsba,fsbo,new,cmsn_lt/house,condo,apartment_duplex,townhouse_type/1-_baths/20000-_price/83-_mp/50-_size/1_pnd/pricea_sort/"
"https://www.zillow.com/homes/for_sale/Joliet-IL/fsba,fsbo,new,cmsn_lt/house,condo,apartment_duplex,townhouse_type/1-_baths/20000-_price/83-_mp/50-_size/1_pnd/pricea_sort/"
"https://www.zillow.com/homes/for_sale/Billings-MT/fsba,fsbo,new,cmsn_lt/house,condo,apartment_duplex,townhouse_type/1-_baths/20000-_price/83-_mp/50-_size/1_pnd/pricea_sort/"
"https://www.zillow.com/homes/for_sale/Racine-WI/fsba,fsbo,new,cmsn_lt/house,condo,apartment_duplex,townhouse_type/1-_baths/20000-_price/83-_mp/50-_size/1_pnd/pricea_sort/"
"https://www.zillow.com/homes/for_sale/Bloomington-IN/fsba,fsbo,new,cmsn_lt/house,condo,apartment_duplex,townhouse_type/1-_baths/20000-_price/83-_mp/50-_size/1_pnd/pricea_sort/"
"https://www.zillow.com/homes/for_sale/Hartford-CT/fsba,fsbo,new,cmsn_lt/house,condo,apartment_duplex,townhouse_type/1-_baths/20000-_price/83-_mp/50-_size/1_pnd/pricea_sort/"
"https://www.zillow.com/homes/for_sale/Concord-CA/fsba,fsbo,new,cmsn_lt/house,condo,apartment_duplex,townhouse_type/1-_baths/20000-_price/83-_mp/50-_size/1_pnd/pricea_sort/"
"https://www.zillow.com/homes/for_sale/Independence-MO/fsba,fsbo,new,cmsn_lt/house,condo,apartment_duplex,townhouse_type/1-_baths/20000-_price/83-_mp/50-_size/1_pnd/pricea_sort/"
"https://www.zillow.com/homes/for_sale/Bethlehem-PA/fsba,fsbo,new,cmsn_lt/house,condo,apartment_duplex,townhouse_type/1-_baths/20000-_price/83-_mp/50-_size/1_pnd/pricea_sort/"
"https://www.zillow.com/homes/for_sale/Santa-Fe-NM/fsba,fsbo,new,cmsn_lt/house,condo,apartment_duplex,townhouse_type/1-_baths/20000-_price/83-_mp/50-_size/1_pnd/pricea_sort/"
"https://www.zillow.com/homes/for_sale/Stamford-CT/fsba,fsbo,new,cmsn_lt/house,condo,apartment_duplex,townhouse_type/1-_baths/20000-_price/83-_mp/50-_size/1_pnd/pricea_sort/"
"https://www.zillow.com/homes/for_sale/Toms-River-NJ/fsba,fsbo,new,cmsn_lt/house,condo,apartment_duplex,townhouse_type/1-_baths/20000-_price/83-_mp/50-_size/1_pnd/pricea_sort/"
"https://www.zillow.com/homes/for_sale/Boulder-CO/fsba,fsbo,new,cmsn_lt/house,condo,apartment_duplex,townhouse_type/1-_baths/20000-_price/83-_mp/50-_size/1_pnd/pricea_sort/"
"https://www.zillow.com/homes/for_sale/Asheville-NC/fsba,fsbo,new,cmsn_lt/house,condo,apartment_duplex,townhouse_type/1-_baths/20000-_price/83-_mp/50-_size/1_pnd/pricea_sort/"
"https://www.zillow.com/homes/for_sale/Frederick-MD/fsba,fsbo,new,cmsn_lt/house,condo,apartment_duplex,townhouse_type/1-_baths/20000-_price/83-_mp/50-_size/1_pnd/pricea_sort/"
"https://www.zillow.com/homes/for_sale/Myrtle-Beach-SC/fsba,fsbo,new,cmsn_lt/house,condo,apartment_duplex,townhouse_type/1-_baths/20000-_price/83-_mp/50-_size/1_pnd/pricea_sort/"
"https://www.zillow.com/homes/for_sale/Berkeley-CA/fsba,fsbo,new,cmsn_lt/house,condo,apartment_duplex,townhouse_type/1-_baths/20000-_price/83-_mp/50-_size/1_pnd/pricea_sort/"
"https://www.zillow.com/homes/for_sale/Rochester-MN/fsba,fsbo,new,cmsn_lt/house,condo,apartment_duplex,townhouse_type/1-_baths/20000-_price/83-_mp/50-_size/1_pnd/pricea_sort/"
"https://www.zillow.com/homes/for_sale/Elgin-IL/fsba,fsbo,new,cmsn_lt/house,condo,apartment_duplex,townhouse_type/1-_baths/20000-_price/83-_mp/50-_size/1_pnd/pricea_sort/"
"https://www.zillow.com/homes/for_sale/Duluth-MN/fsba,fsbo,new,cmsn_lt/house,condo,apartment_duplex,townhouse_type/1-_baths/20000-_price/83-_mp/50-_size/1_pnd/pricea_sort/"
"https://www.zillow.com/homes/for_sale/Appleton-WI/fsba,fsbo,new,cmsn_lt/house,condo,apartment_duplex,townhouse_type/1-_baths/20000-_price/83-_mp/50-_size/1_pnd/pricea_sort/"
"https://www.zillow.com/homes/for_sale/Santa-Clara-CA/fsba,fsbo,new,cmsn_lt/house,condo,apartment_duplex,townhouse_type/1-_baths/20000-_price/83-_mp/50-_size/1_pnd/pricea_sort/"
"https://www.zillow.com/homes/for_sale/Manchester-NH/fsba,fsbo,new,cmsn_lt/house,condo,apartment_duplex,townhouse_type/1-_baths/20000-_price/83-_mp/50-_size/1_pnd/pricea_sort/"
"https://www.zillow.com/homes/for_sale/Provo-UT/fsba,fsbo,new,cmsn_lt/house,condo,apartment_duplex,townhouse_type/1-_baths/20000-_price/83-_mp/50-_size/1_pnd/pricea_sort/"
"https://www.zillow.com/homes/for_sale/Tuscaloosa-AL/fsba,fsbo,new,cmsn_lt/house,condo,apartment_duplex,townhouse_type/1-_baths/20000-_price/83-_mp/50-_size/1_pnd/pricea_sort/"
"https://www.zillow.com/homes/for_sale/Redding-CA/fsba,fsbo,new,cmsn_lt/house,condo,apartment_duplex,townhouse_type/1-_baths/20000-_price/83-_mp/50-_size/1_pnd/pricea_sort/"
"https://www.zillow.com/homes/for_sale/Corona-NY/fsba,fsbo,new,cmsn_lt/house,condo,apartment_duplex,townhouse_type/1-_baths/20000-_price/83-_mp/50-_size/1_pnd/pricea_sort/"
"https://www.zillow.com/homes/for_sale/Fargo-ND/fsba,fsbo,new,cmsn_lt/house,condo,apartment_duplex,townhouse_type/1-_baths/20000-_price/83-_mp/50-_size/1_pnd/pricea_sort/"
"https://www.zillow.com/homes/for_sale/Burbank-CA/fsba,fsbo,new,cmsn_lt/house,condo,apartment_duplex,townhouse_type/1-_baths/20000-_price/83-_mp/50-_size/1_pnd/pricea_sort/"
"https://www.zillow.com/homes/for_sale/Lowell-MA/fsba,fsbo,new,cmsn_lt/house,condo,apartment_duplex,townhouse_type/1-_baths/20000-_price/83-_mp/50-_size/1_pnd/pricea_sort/"
"https://www.zillow.com/homes/for_sale/Tracy-CA/fsba,fsbo,new,cmsn_lt/house,condo,apartment_duplex,townhouse_type/1-_baths/20000-_price/83-_mp/50-_size/1_pnd/pricea_sort/"
"https://www.zillow.com/homes/for_sale/Cambridge-MA/fsba,fsbo,new,cmsn_lt/house,condo,apartment_duplex,townhouse_type/1-_baths/20000-_price/83-_mp/50-_size/1_pnd/pricea_sort/"
"https://www.zillow.com/homes/for_sale/West-Chester-PA/fsba,fsbo,new,cmsn_lt/house,condo,apartment_duplex,townhouse_type/1-_baths/20000-_price/83-_mp/50-_size/1_pnd/pricea_sort/"
"https://www.zillow.com/homes/for_sale/Bowling-Green-KY/fsba,fsbo,new,cmsn_lt/house,condo,apartment_duplex,townhouse_type/1-_baths/20000-_price/83-_mp/50-_size/1_pnd/pricea_sort/"
"https://www.zillow.com/homes/for_sale/Davenport-IA/fsba,fsbo,new,cmsn_lt/house,condo,apartment_duplex,townhouse_type/1-_baths/20000-_price/83-_mp/50-_size/1_pnd/pricea_sort/"
"https://www.zillow.com/homes/for_sale/Springfield-OH/fsba,fsbo,new,cmsn_lt/house,condo,apartment_duplex,townhouse_type/1-_baths/20000-_price/83-_mp/50-_size/1_pnd/pricea_sort/"
"https://www.zillow.com/homes/for_sale/Elmhurst-NY/fsba,fsbo,new,cmsn_lt/house,condo,apartment_duplex,townhouse_type/1-_baths/20000-_price/83-_mp/50-_size/1_pnd/pricea_sort/"
"https://www.zillow.com/homes/for_sale/Scranton-PA/fsba,fsbo,new,cmsn_lt/house,condo,apartment_duplex,townhouse_type/1-_baths/20000-_price/83-_mp/50-_size/1_pnd/pricea_sort/"
"https://www.zillow.com/homes/for_sale/Edison-NJ/fsba,fsbo,new,cmsn_lt/house,condo,apartment_duplex,townhouse_type/1-_baths/20000-_price/83-_mp/50-_size/1_pnd/pricea_sort/"
"https://www.zillow.com/homes/for_sale/Waukegan-IL/fsba,fsbo,new,cmsn_lt/house,condo,apartment_duplex,townhouse_type/1-_baths/20000-_price/83-_mp/50-_size/1_pnd/pricea_sort/"
"https://www.zillow.com/homes/for_sale/Ridgewood-NY/fsba,fsbo,new,cmsn_lt/house,condo,apartment_duplex,townhouse_type/1-_baths/20000-_price/83-_mp/50-_size/1_pnd/pricea_sort/"
"https://www.zillow.com/homes/for_sale/Elizabeth-NJ/fsba,fsbo,new,cmsn_lt/house,condo,apartment_duplex,townhouse_type/1-_baths/20000-_price/83-_mp/50-_size/1_pnd/pricea_sort/"
"https://www.zillow.com/homes/for_sale/Lafayette-IN/fsba,fsbo,new,cmsn_lt/house,condo,apartment_duplex,townhouse_type/1-_baths/20000-_price/83-_mp/50-_size/1_pnd/pricea_sort/"
"https://www.zillow.com/homes/for_sale/Santa-Cruz-CA/fsba,fsbo,new,cmsn_lt/house,condo,apartment_duplex,townhouse_type/1-_baths/20000-_price/83-_mp/50-_size/1_pnd/pricea_sort/"
"https://www.zillow.com/homes/for_sale/Charleston-WV/fsba,fsbo,new,cmsn_lt/house,condo,apartment_duplex,townhouse_type/1-_baths/20000-_price/83-_mp/50-_size/1_pnd/pricea_sort/"
"https://www.zillow.com/homes/for_sale/Belleville-IL/fsba,fsbo,new,cmsn_lt/house,condo,apartment_duplex,townhouse_type/1-_baths/20000-_price/83-_mp/50-_size/1_pnd/pricea_sort/"
"https://www.zillow.com/homes/for_sale/New-Bedford-MA/fsba,fsbo,new,cmsn_lt/house,condo,apartment_duplex,townhouse_type/1-_baths/20000-_price/83-_mp/50-_size/1_pnd/pricea_sort/"
"https://www.zillow.com/homes/for_sale/Plainfield-IL/fsba,fsbo,new,cmsn_lt/house,condo,apartment_duplex,townhouse_type/1-_baths/20000-_price/83-_mp/50-_size/1_pnd/pricea_sort/"
"https://www.zillow.com/homes/for_sale/Mansfield-OH/fsba,fsbo,new,cmsn_lt/house,condo,apartment_duplex,townhouse_type/1-_baths/20000-_price/83-_mp/50-_size/1_pnd/pricea_sort/"
"https://www.zillow.com/homes/for_sale/Lakewood-NJ/fsba,fsbo,new,cmsn_lt/house,condo,apartment_duplex,townhouse_type/1-_baths/20000-_price/83-_mp/50-_size/1_pnd/pricea_sort/"
"https://www.zillow.com/homes/for_sale/Palo-Alto-CA/fsba,fsbo,new,cmsn_lt/house,condo,apartment_duplex,townhouse_type/1-_baths/20000-_price/83-_mp/50-_size/1_pnd/pricea_sort/"
"https://www.zillow.com/homes/for_sale/Rapid-City-SD/fsba,fsbo,new,cmsn_lt/house,condo,apartment_duplex,townhouse_type/1-_baths/20000-_price/83-_mp/50-_size/1_pnd/pricea_sort/"
"https://www.zillow.com/homes/for_sale/Fort-Smith-AR/fsba,fsbo,new,cmsn_lt/house,condo,apartment_duplex,townhouse_type/1-_baths/20000-_price/83-_mp/50-_size/1_pnd/pricea_sort/"
"https://www.zillow.com/homes/for_sale/Woodside-NY/fsba,fsbo,new,cmsn_lt/house,condo,apartment_duplex,townhouse_type/1-_baths/20000-_price/83-_mp/50-_size/1_pnd/pricea_sort/"
"https://www.zillow.com/homes/for_sale/Des-Plaines-IL/fsba,fsbo,new,cmsn_lt/house,condo,apartment_duplex,townhouse_type/1-_baths/20000-_price/83-_mp/50-_size/1_pnd/pricea_sort/"
"https://www.zillow.com/homes/for_sale/Champaign-IL/fsba,fsbo,new,cmsn_lt/house,condo,apartment_duplex,townhouse_type/1-_baths/20000-_price/83-_mp/50-_size/1_pnd/pricea_sort/"
"https://www.zillow.com/homes/for_sale/Morgantown-WV/fsba,fsbo,new,cmsn_lt/house,condo,apartment_duplex,townhouse_type/1-_baths/20000-_price/83-_mp/50-_size/1_pnd/pricea_sort/"
"https://www.zillow.com/homes/for_sale/Poughkeepsie-NY/fsba,fsbo,new,cmsn_lt/house,condo,apartment_duplex,townhouse_type/1-_baths/20000-_price/83-_mp/50-_size/1_pnd/pricea_sort/"
"https://www.zillow.com/homes/for_sale/Cheyenne-WY/fsba,fsbo,new,cmsn_lt/house,condo,apartment_duplex,townhouse_type/1-_baths/20000-_price/83-_mp/50-_size/1_pnd/pricea_sort/"
"https://www.zillow.com/homes/for_sale/Norristown-PA/fsba,fsbo,new,cmsn_lt/house,condo,apartment_duplex,townhouse_type/1-_baths/20000-_price/83-_mp/50-_size/1_pnd/pricea_sort/"
"https://www.zillow.com/homes/for_sale/Livermore-CA/fsba,fsbo,new,cmsn_lt/house,condo,apartment_duplex,townhouse_type/1-_baths/20000-_price/83-_mp/50-_size/1_pnd/pricea_sort/"
"https://www.zillow.com/homes/for_sale/Easton-PA/fsba,fsbo,new,cmsn_lt/house,condo,apartment_duplex,townhouse_type/1-_baths/20000-_price/83-_mp/50-_size/1_pnd/pricea_sort/"
"https://www.zillow.com/homes/for_sale/Clifton-NJ/fsba,fsbo,new,cmsn_lt/house,condo,apartment_duplex,townhouse_type/1-_baths/20000-_price/83-_mp/50-_size/1_pnd/pricea_sort/"
"https://www.zillow.com/homes/for_sale/Gulfport-MS/fsba,fsbo,new,cmsn_lt/house,condo,apartment_duplex,townhouse_type/1-_baths/20000-_price/83-_mp/50-_size/1_pnd/pricea_sort/"
"https://www.zillow.com/homes/for_sale/Hattiesburg-MS/fsba,fsbo,new,cmsn_lt/house,condo,apartment_duplex,townhouse_type/1-_baths/20000-_price/83-_mp/50-_size/1_pnd/pricea_sort/"
"https://www.zillow.com/homes/for_sale/Binghamton-NY/fsba,fsbo,new,cmsn_lt/house,condo,apartment_duplex,townhouse_type/1-_baths/20000-_price/83-_mp/50-_size/1_pnd/pricea_sort/"
"https://www.zillow.com/homes/for_sale/Owensboro-KY/fsba,fsbo,new,cmsn_lt/house,condo,apartment_duplex,townhouse_type/1-_baths/20000-_price/83-_mp/50-_size/1_pnd/pricea_sort/"
"https://www.zillow.com/homes/for_sale/Bismarck-ND/fsba,fsbo,new,cmsn_lt/house,condo,apartment_duplex,townhouse_type/1-_baths/20000-_price/83-_mp/50-_size/1_pnd/pricea_sort/"
"https://www.zillow.com/homes/for_sale/Saint-Cloud-MN/fsba,fsbo,new,cmsn_lt/house,condo,apartment_duplex,townhouse_type/1-_baths/20000-_price/83-_mp/50-_size/1_pnd/pricea_sort/"
"https://www.zillow.com/homes/for_sale/Dover-DE/fsba,fsbo,new,cmsn_lt/house,condo,apartment_duplex,townhouse_type/1-_baths/20000-_price/83-_mp/50-_size/1_pnd/pricea_sort/"
"https://www.zillow.com/homes/for_sale/Casper-WY/fsba,fsbo,new,cmsn_lt/house,condo,apartment_duplex,townhouse_type/1-_baths/20000-_price/83-_mp/50-_size/1_pnd/pricea_sort/"
"https://www.zillow.com/homes/for_sale/Portland-ME/fsba,fsbo,new,cmsn_lt/house,condo,apartment_duplex,townhouse_type/1-_baths/20000-_price/83-_mp/50-_size/1_pnd/pricea_sort/"
"https://www.zillow.com/homes/for_sale/Carson-City-NV/fsba,fsbo,new,cmsn_lt/house,condo,apartment_duplex,townhouse_type/1-_baths/20000-_price/83-_mp/50-_size/1_pnd/pricea_sort/"
"https://www.zillow.com/homes/for_sale/Roswell-NM/fsba,fsbo,new,cmsn_lt/house,condo,apartment_duplex,townhouse_type/1-_baths/20000-_price/83-_mp/50-_size/1_pnd/pricea_sort/"
"https://www.zillow.com/homes/for_sale/Helena-MT/fsba,fsbo,new,cmsn_lt/house,condo,apartment_duplex,townhouse_type/1-_baths/20000-_price/83-_mp/50-_size/1_pnd/pricea_sort/"
"https://www.zillow.com/homes/for_sale/Burlington-VT/fsba,fsbo,new,cmsn_lt/house,condo,apartment_duplex,townhouse_type/1-_baths/20000-_price/83-_mp/50-_size/1_pnd/pricea_sort/"
